{"accuracy": 0.55, "f1": 0.5970149253731343, "roc_auc": 0.5457142857142857}