{"accuracy": 0.7213114754098361, "f1": 0.7384615384615384, "roc_auc": 0.7207792207792209}